{
  "SELL": -3.75,
  "BUY": -3.76,
  "Pin_Bar_Shooting_Star": -0.8999999999999991,
  "Morning_Star_Base_Break": 0,
  "Evening_Star_Base_Break": -1.3500000000000028,
  "Pin_Bar_Hammer": 2,
  "Piercing_Pattern": 0.9000000000000011,
  "Waterfall_Drop_Continuation": 1.7999999999999998,
  "Dark_Cloud_Cover": 1.9,
  "Bullish_Engulfing": -1.8000000000000003,
  "Rocket_Surge_Continuation": 1.5499999999999994,
  "Bearish_Engulfing": -1.8000000000000003
}