{
  "Pin_Bar_Shooting_Star": -0.6999999999999996,
  "Morning_Star_Base_Break": 0,
  "Evening_Star_Base_Break": -1.0500000000000012,
  "Pin_Bar_Hammer": 2,
  "Piercing_Pattern": 0.7000000000000002,
  "Waterfall_Drop_Continuation": 1.7999999999999998,
  "Dark_Cloud_Cover": 1.9,
  "Bullish_Engulfing": -1.7500000000000036,
  "Rocket_Surge_Continuation": 1.399999999999998,
  "Bearish_Engulfing": -1.8000000000000003
}