{
  "SELL": -3.85,
  "BUY": -3.75,
  "Pin_Bar_Shooting_Star": -0.25,
  "Morning_Star_Base_Break": -0.30000000000000004,
  "Evening_Star_Base_Break": -0.4,
  "Pin_Bar_Hammer": -0.1,
  "Piercing_Pattern": -0.24999999999999983,
  "Waterfall_Drop_Continuation": 0.7500000000000001,
  "Dark_Cloud_Cover": 0.9000000000000004,
  "Bullish_Engulfing": -0.4,
  "Rocket_Surge_Continuation": 0.09999999999999992,
  "Bearish_Engulfing": 5.551115123125783e-17
}