{
  "SELL": -1.14,
  "BUY": -1.05,
  "Pin_Bar_Shooting_Star": -0.5999999999999991,
  "Morning_Star_Base_Break": 0,
  "Evening_Star_Base_Break": -0.8999999999999996,
  "Pin_Bar_Hammer": 2,
  "Piercing_Pattern": 0.6000000000000006,
  "Waterfall_Drop_Continuation": 1.7999999999999998,
  "Dark_Cloud_Cover": 1.9,
  "Bullish_Engulfing": -1.5000000000000027,
  "Rocket_Surge_Continuation": 1.1999999999999988,
  "Bearish_Engulfing": -1.8000000000000003
}